<annotation verified="yes">
	<folder>images</folder>
	<filename>raccoon-70.png</filename>
	<path>/Users/datitran/Desktop/raccoon/images/raccoon-70.png</path>
	<source>
		<database>Unknown</database>
	</source>
	<size>
		<width>500</width>
		<height>375</height>
		<depth>3</depth>
	</size>
	<segmented>0</segmented>
	<object>
		<name>raccoon</name>
		<pose>Unspecified</pose>
		<truncated>0</truncated>
		<difficult>0</difficult>
		<bndbox>
			<xmin>60</xmin>
			<ymin>4</ymin>
			<xmax>421</xmax>
			<ymax>369</ymax>
		</bndbox>
	</object>
</annotation>
