<annotation verified="yes">
	<folder>images</folder>
	<filename>raccoon-142.png</filename>
	<path>/Users/datitran/Desktop/raccoon/images/raccoon-142.png</path>
	<source>
		<database>Unknown</database>
	</source>
	<size>
		<width>1024</width>
		<height>768</height>
		<depth>3</depth>
	</size>
	<segmented>0</segmented>
	<object>
		<name>raccoon</name>
		<pose>Unspecified</pose>
		<truncated>0</truncated>
		<difficult>0</difficult>
		<bndbox>
			<xmin>171</xmin>
			<ymin>162</ymin>
			<xmax>811</xmax>
			<ymax>740</ymax>
		</bndbox>
	</object>
</annotation>
