<annotation verified="yes">
	<folder>images</folder>
	<filename>raccoon-41.png</filename>
	<path>/Users/datitran/Desktop/raccoon/images/raccoon-41.png</path>
	<source>
		<database>Unknown</database>
	</source>
	<size>
		<width>700</width>
		<height>500</height>
		<depth>3</depth>
	</size>
	<segmented>0</segmented>
	<object>
		<name>raccoon</name>
		<pose>Unspecified</pose>
		<truncated>0</truncated>
		<difficult>0</difficult>
		<bndbox>
			<xmin>211</xmin>
			<ymin>78</ymin>
			<xmax>530</xmax>
			<ymax>468</ymax>
		</bndbox>
	</object>
</annotation>
