<annotation verified="yes">
	<folder>images</folder>
	<filename>raccoon-56.png</filename>
	<path>/Users/datitran/Desktop/raccoon/images/raccoon-56.png</path>
	<source>
		<database>Unknown</database>
	</source>
	<size>
		<width>240</width>
		<height>210</height>
		<depth>3</depth>
	</size>
	<segmented>0</segmented>
	<object>
		<name>raccoon</name>
		<pose>Unspecified</pose>
		<truncated>0</truncated>
		<difficult>0</difficult>
		<bndbox>
			<xmin>20</xmin>
			<ymin>6</ymin>
			<xmax>224</xmax>
			<ymax>201</ymax>
		</bndbox>
	</object>
</annotation>
