<annotation verified="yes">
	<folder>images</folder>
	<filename>raccoon-109.png</filename>
	<path>/Users/datitran/Desktop/raccoon/images/raccoon-109.png</path>
	<source>
		<database>Unknown</database>
	</source>
	<size>
		<width>192</width>
		<height>259</height>
		<depth>3</depth>
	</size>
	<segmented>0</segmented>
	<object>
		<name>raccoon</name>
		<pose>Unspecified</pose>
		<truncated>1</truncated>
		<difficult>0</difficult>
		<bndbox>
			<xmin>9</xmin>
			<ymin>1</ymin>
			<xmax>177</xmax>
			<ymax>252</ymax>
		</bndbox>
	</object>
</annotation>
