<annotation verified="yes">
	<folder>images</folder>
	<filename>raccoon-178.png</filename>
	<path>/Users/datitran/Desktop/raccoon/images/raccoon-178.png</path>
	<source>
		<database>Unknown</database>
	</source>
	<size>
		<width>275</width>
		<height>183</height>
		<depth>3</depth>
	</size>
	<segmented>0</segmented>
	<object>
		<name>raccoon</name>
		<pose>Unspecified</pose>
		<truncated>0</truncated>
		<difficult>0</difficult>
		<bndbox>
			<xmin>59</xmin>
			<ymin>12</ymin>
			<xmax>242</xmax>
			<ymax>180</ymax>
		</bndbox>
	</object>
</annotation>
