<annotation verified="yes">
	<folder>images</folder>
	<filename>raccoon-90.png</filename>
	<path>/Users/datitran/Desktop/raccoon/images/raccoon-90.png</path>
	<source>
		<database>Unknown</database>
	</source>
	<size>
		<width>640</width>
		<height>426</height>
		<depth>3</depth>
	</size>
	<segmented>0</segmented>
	<object>
		<name>raccoon</name>
		<pose>Unspecified</pose>
		<truncated>1</truncated>
		<difficult>0</difficult>
		<bndbox>
			<xmin>44</xmin>
			<ymin>90</ymin>
			<xmax>577</xmax>
			<ymax>426</ymax>
		</bndbox>
	</object>
</annotation>
