<annotation verified="yes">
	<folder>images</folder>
	<filename>raccoon-112.png</filename>
	<path>/Users/datitran/Desktop/raccoon/images/raccoon-112.png</path>
	<source>
		<database>Unknown</database>
	</source>
	<size>
		<width>800</width>
		<height>574</height>
		<depth>3</depth>
	</size>
	<segmented>0</segmented>
	<object>
		<name>raccoon</name>
		<pose>Unspecified</pose>
		<truncated>0</truncated>
		<difficult>0</difficult>
		<bndbox>
			<xmin>131</xmin>
			<ymin>174</ymin>
			<xmax>775</xmax>
			<ymax>563</ymax>
		</bndbox>
	</object>
</annotation>
