<annotation verified="yes">
	<folder>images</folder>
	<filename>raccoon-49.png</filename>
	<path>/Users/datitran/Desktop/raccoon/images/raccoon-49.png</path>
	<source>
		<database>Unknown</database>
	</source>
	<size>
		<width>640</width>
		<height>395</height>
		<depth>3</depth>
	</size>
	<segmented>0</segmented>
	<object>
		<name>raccoon</name>
		<pose>Unspecified</pose>
		<truncated>1</truncated>
		<difficult>0</difficult>
		<bndbox>
			<xmin>162</xmin>
			<ymin>36</ymin>
			<xmax>611</xmax>
			<ymax>395</ymax>
		</bndbox>
	</object>
</annotation>
