<annotation verified="yes">
	<folder>images</folder>
	<filename>raccoon-154.png</filename>
	<path>/Users/datitran/Desktop/raccoon/images/raccoon-154.png</path>
	<source>
		<database>Unknown</database>
	</source>
	<size>
		<width>650</width>
		<height>419</height>
		<depth>3</depth>
	</size>
	<segmented>0</segmented>
	<object>
		<name>raccoon</name>
		<pose>Unspecified</pose>
		<truncated>0</truncated>
		<difficult>0</difficult>
		<bndbox>
			<xmin>148</xmin>
			<ymin>56</ymin>
			<xmax>517</xmax>
			<ymax>346</ymax>
		</bndbox>
	</object>
</annotation>
