<annotation verified="yes">
	<folder>images</folder>
	<filename>raccoon-188.png</filename>
	<path>/Users/datitran/Desktop/raccoon/images/raccoon-188.png</path>
	<source>
		<database>Unknown</database>
	</source>
	<size>
		<width>460</width>
		<height>379</height>
		<depth>3</depth>
	</size>
	<segmented>0</segmented>
	<object>
		<name>raccoon</name>
		<pose>Unspecified</pose>
		<truncated>0</truncated>
		<difficult>0</difficult>
		<bndbox>
			<xmin>26</xmin>
			<ymin>71</ymin>
			<xmax>366</xmax>
			<ymax>334</ymax>
		</bndbox>
	</object>
</annotation>
