<annotation verified="yes">
	<folder>images</folder>
	<filename>raccoon-127.png</filename>
	<path>/Users/datitran/Desktop/raccoon/images/raccoon-127.png</path>
	<source>
		<database>Unknown</database>
	</source>
	<size>
		<width>253</width>
		<height>199</height>
		<depth>3</depth>
	</size>
	<segmented>0</segmented>
	<object>
		<name>raccoon</name>
		<pose>Unspecified</pose>
		<truncated>0</truncated>
		<difficult>0</difficult>
		<bndbox>
			<xmin>125</xmin>
			<ymin>59</ymin>
			<xmax>212</xmax>
			<ymax>165</ymax>
		</bndbox>
	</object>
</annotation>
