<annotation verified="yes">
	<folder>images</folder>
	<filename>raccoon-67.png</filename>
	<path>/Users/datitran/Desktop/raccoon/images/raccoon-67.png</path>
	<source>
		<database>Unknown</database>
	</source>
	<size>
		<width>272</width>
		<height>185</height>
		<depth>3</depth>
	</size>
	<segmented>0</segmented>
	<object>
		<name>raccoon</name>
		<pose>Unspecified</pose>
		<truncated>0</truncated>
		<difficult>0</difficult>
		<bndbox>
			<xmin>18</xmin>
			<ymin>17</ymin>
			<xmax>224</xmax>
			<ymax>168</ymax>
		</bndbox>
	</object>
</annotation>
