<annotation verified="yes">
	<folder>images</folder>
	<filename>raccoon-61.png</filename>
	<path>/Users/datitran/Desktop/raccoon/images/raccoon-61.png</path>
	<source>
		<database>Unknown</database>
	</source>
	<size>
		<width>274</width>
		<height>184</height>
		<depth>3</depth>
	</size>
	<segmented>0</segmented>
	<object>
		<name>raccoon</name>
		<pose>Unspecified</pose>
		<truncated>0</truncated>
		<difficult>0</difficult>
		<bndbox>
			<xmin>94</xmin>
			<ymin>63</ymin>
			<xmax>195</xmax>
			<ymax>148</ymax>
		</bndbox>
	</object>
	<object>
		<name>raccoon</name>
		<pose>Unspecified</pose>
		<truncated>0</truncated>
		<difficult>0</difficult>
		<bndbox>
			<xmin>142</xmin>
			<ymin>39</ymin>
			<xmax>213</xmax>
			<ymax>108</ymax>
		</bndbox>
	</object>
</annotation>
