<annotation verified="yes">
	<folder>images</folder>
	<filename>raccoon-137.png</filename>
	<path>/Users/datitran/Desktop/raccoon/images/raccoon-137.png</path>
	<source>
		<database>Unknown</database>
	</source>
	<size>
		<width>320</width>
		<height>240</height>
		<depth>3</depth>
	</size>
	<segmented>0</segmented>
	<object>
		<name>raccoon</name>
		<pose>Unspecified</pose>
		<truncated>0</truncated>
		<difficult>0</difficult>
		<bndbox>
			<xmin>71</xmin>
			<ymin>8</ymin>
			<xmax>304</xmax>
			<ymax>233</ymax>
		</bndbox>
	</object>
</annotation>
