<annotation verified="yes">
	<folder>images</folder>
	<filename>raccoon-122.png</filename>
	<path>/Users/datitran/Desktop/raccoon/images/raccoon-122.png</path>
	<source>
		<database>Unknown</database>
	</source>
	<size>
		<width>178</width>
		<height>283</height>
		<depth>3</depth>
	</size>
	<segmented>0</segmented>
	<object>
		<name>raccoon</name>
		<pose>Unspecified</pose>
		<truncated>0</truncated>
		<difficult>0</difficult>
		<bndbox>
			<xmin>7</xmin>
			<ymin>7</ymin>
			<xmax>174</xmax>
			<ymax>198</ymax>
		</bndbox>
	</object>
</annotation>
