<annotation verified="yes">
	<folder>images</folder>
	<filename>raccoon-121.png</filename>
	<path>/Users/datitran/Desktop/raccoon/images/raccoon-121.png</path>
	<source>
		<database>Unknown</database>
	</source>
	<size>
		<width>600</width>
		<height>399</height>
		<depth>3</depth>
	</size>
	<segmented>0</segmented>
	<object>
		<name>raccoon</name>
		<pose>Unspecified</pose>
		<truncated>0</truncated>
		<difficult>0</difficult>
		<bndbox>
			<xmin>55</xmin>
			<ymin>34</ymin>
			<xmax>416</xmax>
			<ymax>377</ymax>
		</bndbox>
	</object>
</annotation>
