<annotation verified="yes">
	<folder>images</folder>
	<filename>raccoon-98.png</filename>
	<path>/Users/datitran/Desktop/raccoon/images/raccoon-98.png</path>
	<source>
		<database>Unknown</database>
	</source>
	<size>
		<width>480</width>
		<height>360</height>
		<depth>3</depth>
	</size>
	<segmented>0</segmented>
	<object>
		<name>raccoon</name>
		<pose>Unspecified</pose>
		<truncated>0</truncated>
		<difficult>0</difficult>
		<bndbox>
			<xmin>108</xmin>
			<ymin>31</ymin>
			<xmax>351</xmax>
			<ymax>308</ymax>
		</bndbox>
	</object>
</annotation>
