<annotation verified="yes">
	<folder>images</folder>
	<filename>raccoon-44.png</filename>
	<path>/Users/datitran/Desktop/raccoon/images/raccoon-44.png</path>
	<source>
		<database>Unknown</database>
	</source>
	<size>
		<width>300</width>
		<height>168</height>
		<depth>3</depth>
	</size>
	<segmented>0</segmented>
	<object>
		<name>raccoon</name>
		<pose>Unspecified</pose>
		<truncated>0</truncated>
		<difficult>0</difficult>
		<bndbox>
			<xmin>45</xmin>
			<ymin>14</ymin>
			<xmax>247</xmax>
			<ymax>165</ymax>
		</bndbox>
	</object>
</annotation>
