<annotation verified="yes">
	<folder>images</folder>
	<filename>raccoon-55.png</filename>
	<path>/Users/datitran/Desktop/raccoon/images/raccoon-55.png</path>
	<source>
		<database>Unknown</database>
	</source>
	<size>
		<width>634</width>
		<height>417</height>
		<depth>3</depth>
	</size>
	<segmented>0</segmented>
	<object>
		<name>raccoon</name>
		<pose>Unspecified</pose>
		<truncated>0</truncated>
		<difficult>0</difficult>
		<bndbox>
			<xmin>6</xmin>
			<ymin>49</ymin>
			<xmax>250</xmax>
			<ymax>320</ymax>
		</bndbox>
	</object>
	<object>
		<name>raccoon</name>
		<pose>Unspecified</pose>
		<truncated>0</truncated>
		<difficult>0</difficult>
		<bndbox>
			<xmin>274</xmin>
			<ymin>27</ymin>
			<xmax>563</xmax>
			<ymax>410</ymax>
		</bndbox>
	</object>
</annotation>
