<annotation verified="yes">
	<folder>images</folder>
	<filename>raccoon-192.png</filename>
	<path>/Users/datitran/Desktop/raccoon/images/raccoon-192.png</path>
	<source>
		<database>Unknown</database>
	</source>
	<size>
		<width>510</width>
		<height>325</height>
		<depth>3</depth>
	</size>
	<segmented>0</segmented>
	<object>
		<name>raccoon</name>
		<pose>Unspecified</pose>
		<truncated>0</truncated>
		<difficult>0</difficult>
		<bndbox>
			<xmin>127</xmin>
			<ymin>160</ymin>
			<xmax>298</xmax>
			<ymax>289</ymax>
		</bndbox>
	</object>
</annotation>
