<annotation verified="yes">
	<folder>images</folder>
	<filename>raccoon-66.png</filename>
	<path>/Users/datitran/Desktop/raccoon/images/raccoon-66.png</path>
	<source>
		<database>Unknown</database>
	</source>
	<size>
		<width>860</width>
		<height>484</height>
		<depth>3</depth>
	</size>
	<segmented>0</segmented>
	<object>
		<name>raccoon</name>
		<pose>Unspecified</pose>
		<truncated>0</truncated>
		<difficult>0</difficult>
		<bndbox>
			<xmin>220</xmin>
			<ymin>37</ymin>
			<xmax>697</xmax>
			<ymax>440</ymax>
		</bndbox>
	</object>
</annotation>
