<annotation verified="yes">
	<folder>images</folder>
	<filename>raccoon-173.png</filename>
	<path>/Users/datitran/Desktop/raccoon/images/raccoon-173.png</path>
	<source>
		<database>Unknown</database>
	</source>
	<size>
		<width>550</width>
		<height>388</height>
		<depth>3</depth>
	</size>
	<segmented>0</segmented>
	<object>
		<name>raccoon</name>
		<pose>Unspecified</pose>
		<truncated>0</truncated>
		<difficult>0</difficult>
		<bndbox>
			<xmin>202</xmin>
			<ymin>21</ymin>
			<xmax>515</xmax>
			<ymax>387</ymax>
		</bndbox>
	</object>
</annotation>
