<annotation verified="yes">
	<folder>images</folder>
	<filename>raccoon-160.png</filename>
	<path>/Users/datitran/Desktop/raccoon/images/raccoon-160.png</path>
	<source>
		<database>Unknown</database>
	</source>
	<size>
		<width>256</width>
		<height>197</height>
		<depth>3</depth>
	</size>
	<segmented>0</segmented>
	<object>
		<name>raccoon</name>
		<pose>Unspecified</pose>
		<truncated>1</truncated>
		<difficult>0</difficult>
		<bndbox>
			<xmin>7</xmin>
			<ymin>42</ymin>
			<xmax>162</xmax>
			<ymax>197</ymax>
		</bndbox>
	</object>
</annotation>
