<annotation verified="yes">
	<folder>images</folder>
	<filename>raccoon-108.png</filename>
	<path>/Users/datitran/Desktop/raccoon/images/raccoon-108.png</path>
	<source>
		<database>Unknown</database>
	</source>
	<size>
		<width>604</width>
		<height>481</height>
		<depth>3</depth>
	</size>
	<segmented>0</segmented>
	<object>
		<name>raccoon</name>
		<pose>Unspecified</pose>
		<truncated>0</truncated>
		<difficult>0</difficult>
		<bndbox>
			<xmin>99</xmin>
			<ymin>53</ymin>
			<xmax>402</xmax>
			<ymax>464</ymax>
		</bndbox>
	</object>
</annotation>
