<annotation verified="yes">
	<folder>images</folder>
	<filename>raccoon-120.png</filename>
	<path>/Users/datitran/Desktop/raccoon/images/raccoon-120.png</path>
	<source>
		<database>Unknown</database>
	</source>
	<size>
		<width>660</width>
		<height>371</height>
		<depth>3</depth>
	</size>
	<segmented>0</segmented>
	<object>
		<name>raccoon</name>
		<pose>Unspecified</pose>
		<truncated>0</truncated>
		<difficult>0</difficult>
		<bndbox>
			<xmin>129</xmin>
			<ymin>12</ymin>
			<xmax>510</xmax>
			<ymax>331</ymax>
		</bndbox>
	</object>
</annotation>
