<annotation verified="yes">
	<folder>images</folder>
	<filename>raccoon-166.png</filename>
	<path>/Users/datitran/Desktop/raccoon/images/raccoon-166.png</path>
	<source>
		<database>Unknown</database>
	</source>
	<size>
		<width>328</width>
		<height>154</height>
		<depth>3</depth>
	</size>
	<segmented>0</segmented>
	<object>
		<name>raccoon</name>
		<pose>Unspecified</pose>
		<truncated>0</truncated>
		<difficult>0</difficult>
		<bndbox>
			<xmin>108</xmin>
			<ymin>31</ymin>
			<xmax>208</xmax>
			<ymax>120</ymax>
		</bndbox>
	</object>
</annotation>
