<annotation verified="yes">
	<folder>images</folder>
	<filename>raccoon-158.png</filename>
	<path>/Users/datitran/Desktop/raccoon/images/raccoon-158.png</path>
	<source>
		<database>Unknown</database>
	</source>
	<size>
		<width>275</width>
		<height>183</height>
		<depth>3</depth>
	</size>
	<segmented>0</segmented>
	<object>
		<name>raccoon</name>
		<pose>Unspecified</pose>
		<truncated>0</truncated>
		<difficult>0</difficult>
		<bndbox>
			<xmin>23</xmin>
			<ymin>23</ymin>
			<xmax>262</xmax>
			<ymax>177</ymax>
		</bndbox>
	</object>
</annotation>
