<annotation verified="yes">
	<folder>images</folder>
	<filename>raccoon-140.png</filename>
	<path>/Users/datitran/Desktop/raccoon/images/raccoon-140.png</path>
	<source>
		<database>Unknown</database>
	</source>
	<size>
		<width>204</width>
		<height>247</height>
		<depth>3</depth>
	</size>
	<segmented>0</segmented>
	<object>
		<name>raccoon</name>
		<pose>Unspecified</pose>
		<truncated>0</truncated>
		<difficult>0</difficult>
		<bndbox>
			<xmin>6</xmin>
			<ymin>17</ymin>
			<xmax>202</xmax>
			<ymax>231</ymax>
		</bndbox>
	</object>
</annotation>
