<annotation verified="yes">
	<folder>images</folder>
	<filename>raccoon-19.png</filename>
	<path>/Users/datitran/Desktop/raccoon/images/raccoon-19.png</path>
	<source>
		<database>Unknown</database>
	</source>
	<size>
		<width>259</width>
		<height>194</height>
		<depth>3</depth>
	</size>
	<segmented>0</segmented>
	<object>
		<name>raccoon</name>
		<pose>Unspecified</pose>
		<truncated>0</truncated>
		<difficult>0</difficult>
		<bndbox>
			<xmin>87</xmin>
			<ymin>8</ymin>
			<xmax>182</xmax>
			<ymax>89</ymax>
		</bndbox>
	</object>
</annotation>
