<annotation verified="yes">
	<folder>images</folder>
	<filename>raccoon-9.png</filename>
	<path>/Users/datitran/Desktop/raccoon/images/raccoon-9.png</path>
	<source>
		<database>Unknown</database>
	</source>
	<size>
		<width>347</width>
		<height>510</height>
		<depth>3</depth>
	</size>
	<segmented>0</segmented>
	<object>
		<name>raccoon</name>
		<pose>Unspecified</pose>
		<truncated>1</truncated>
		<difficult>0</difficult>
		<bndbox>
			<xmin>10</xmin>
			<ymin>7</ymin>
			<xmax>347</xmax>
			<ymax>471</ymax>
		</bndbox>
	</object>
</annotation>
