<annotation verified="yes">
	<folder>images</folder>
	<filename>raccoon-7.png</filename>
	<path>/Users/datitran/Desktop/raccoon/images/raccoon-7.png</path>
	<source>
		<database>Unknown</database>
	</source>
	<size>
		<width>410</width>
		<height>308</height>
		<depth>3</depth>
	</size>
	<segmented>0</segmented>
	<object>
		<name>raccoon</name>
		<pose>Unspecified</pose>
		<truncated>0</truncated>
		<difficult>0</difficult>
		<bndbox>
			<xmin>92</xmin>
			<ymin>79</ymin>
			<xmax>271</xmax>
			<ymax>264</ymax>
		</bndbox>
	</object>
</annotation>
