<annotation verified="yes">
	<folder>images</folder>
	<filename>raccoon-151.png</filename>
	<path>/Users/datitran/Desktop/raccoon/images/raccoon-151.png</path>
	<source>
		<database>Unknown</database>
	</source>
	<size>
		<width>225</width>
		<height>225</height>
		<depth>3</depth>
	</size>
	<segmented>0</segmented>
	<object>
		<name>raccoon</name>
		<pose>Unspecified</pose>
		<truncated>0</truncated>
		<difficult>0</difficult>
		<bndbox>
			<xmin>42</xmin>
			<ymin>94</ymin>
			<xmax>108</xmax>
			<ymax>224</ymax>
		</bndbox>
	</object>
</annotation>
