<annotation verified="yes">
	<folder>images</folder>
	<filename>raccoon-78.png</filename>
	<path>/Users/datitran/Desktop/raccoon/images/raccoon-78.png</path>
	<source>
		<database>Unknown</database>
	</source>
	<size>
		<width>223</width>
		<height>226</height>
		<depth>3</depth>
	</size>
	<segmented>0</segmented>
	<object>
		<name>raccoon</name>
		<pose>Unspecified</pose>
		<truncated>0</truncated>
		<difficult>0</difficult>
		<bndbox>
			<xmin>28</xmin>
			<ymin>15</ymin>
			<xmax>221</xmax>
			<ymax>216</ymax>
		</bndbox>
	</object>
</annotation>
