<annotation verified="yes">
	<folder>images</folder>
	<filename>raccoon-91.png</filename>
	<path>/Users/datitran/Desktop/raccoon/images/raccoon-91.png</path>
	<source>
		<database>Unknown</database>
	</source>
	<size>
		<width>236</width>
		<height>314</height>
		<depth>3</depth>
	</size>
	<segmented>0</segmented>
	<object>
		<name>raccoon</name>
		<pose>Unspecified</pose>
		<truncated>0</truncated>
		<difficult>0</difficult>
		<bndbox>
			<xmin>22</xmin>
			<ymin>14</ymin>
			<xmax>216</xmax>
			<ymax>308</ymax>
		</bndbox>
	</object>
</annotation>
