<annotation verified="yes">
	<folder>images</folder>
	<filename>raccoon-161.png</filename>
	<path>/Users/datitran/Desktop/raccoon/images/raccoon-161.png</path>
	<source>
		<database>Unknown</database>
	</source>
	<size>
		<width>500</width>
		<height>347</height>
		<depth>1</depth>
	</size>
	<segmented>0</segmented>
	<object>
		<name>raccoon</name>
		<pose>Unspecified</pose>
		<truncated>0</truncated>
		<difficult>0</difficult>
		<bndbox>
			<xmin>209</xmin>
			<ymin>73</ymin>
			<xmax>385</xmax>
			<ymax>186</ymax>
		</bndbox>
	</object>
</annotation>
