<annotation verified="yes">
	<folder>images</folder>
	<filename>raccoon-195.png</filename>
	<path>/Users/datitran/Desktop/raccoon/images/raccoon-195.png</path>
	<source>
		<database>Unknown</database>
	</source>
	<size>
		<width>225</width>
		<height>225</height>
		<depth>3</depth>
	</size>
	<segmented>0</segmented>
	<object>
		<name>raccoon</name>
		<pose>Unspecified</pose>
		<truncated>1</truncated>
		<difficult>0</difficult>
		<bndbox>
			<xmin>25</xmin>
			<ymin>111</ymin>
			<xmax>197</xmax>
			<ymax>225</ymax>
		</bndbox>
	</object>
</annotation>
