<annotation verified="yes">
	<folder>images</folder>
	<filename>raccoon-26.png</filename>
	<path>/Users/datitran/Desktop/raccoon/images/raccoon-26.png</path>
	<source>
		<database>Unknown</database>
	</source>
	<size>
		<width>306</width>
		<height>374</height>
		<depth>3</depth>
	</size>
	<segmented>0</segmented>
	<object>
		<name>raccoon</name>
		<pose>Unspecified</pose>
		<truncated>1</truncated>
		<difficult>0</difficult>
		<bndbox>
			<xmin>114</xmin>
			<ymin>5</ymin>
			<xmax>306</xmax>
			<ymax>337</ymax>
		</bndbox>
	</object>
</annotation>
