<annotation verified="yes">
	<folder>images</folder>
	<filename>raccoon-28.png</filename>
	<path>/Users/datitran/Desktop/raccoon/images/raccoon-28.png</path>
	<source>
		<database>Unknown</database>
	</source>
	<size>
		<width>602</width>
		<height>452</height>
		<depth>3</depth>
	</size>
	<segmented>0</segmented>
	<object>
		<name>raccoon</name>
		<pose>Unspecified</pose>
		<truncated>1</truncated>
		<difficult>0</difficult>
		<bndbox>
			<xmin>93</xmin>
			<ymin>80</ymin>
			<xmax>601</xmax>
			<ymax>452</ymax>
		</bndbox>
	</object>
</annotation>
