<annotation verified="yes">
	<folder>images</folder>
	<filename>raccoon-179.png</filename>
	<path>/Users/datitran/Desktop/raccoon/images/raccoon-179.png</path>
	<source>
		<database>Unknown</database>
	</source>
	<size>
		<width>600</width>
		<height>450</height>
		<depth>3</depth>
	</size>
	<segmented>0</segmented>
	<object>
		<name>raccoon</name>
		<pose>Unspecified</pose>
		<truncated>1</truncated>
		<difficult>0</difficult>
		<bndbox>
			<xmin>1</xmin>
			<ymin>176</ymin>
			<xmax>270</xmax>
			<ymax>427</ymax>
		</bndbox>
	</object>
</annotation>
