<annotation verified="yes">
	<folder>images</folder>
	<filename>raccoon-45.png</filename>
	<path>/Users/datitran/Desktop/raccoon/images/raccoon-45.png</path>
	<source>
		<database>Unknown</database>
	</source>
	<size>
		<width>620</width>
		<height>372</height>
		<depth>3</depth>
	</size>
	<segmented>0</segmented>
	<object>
		<name>raccoon</name>
		<pose>Unspecified</pose>
		<truncated>0</truncated>
		<difficult>0</difficult>
		<bndbox>
			<xmin>140</xmin>
			<ymin>6</ymin>
			<xmax>454</xmax>
			<ymax>370</ymax>
		</bndbox>
	</object>
</annotation>
