<annotation verified="yes">
	<folder>images</folder>
	<filename>raccoon-176.png</filename>
	<path>/Users/datitran/Desktop/raccoon/images/raccoon-176.png</path>
	<source>
		<database>Unknown</database>
	</source>
	<size>
		<width>800</width>
		<height>533</height>
		<depth>3</depth>
	</size>
	<segmented>0</segmented>
	<object>
		<name>raccoon</name>
		<pose>Unspecified</pose>
		<truncated>0</truncated>
		<difficult>0</difficult>
		<bndbox>
			<xmin>308</xmin>
			<ymin>90</ymin>
			<xmax>611</xmax>
			<ymax>426</ymax>
		</bndbox>
	</object>
	<object>
		<name>raccoon</name>
		<pose>Unspecified</pose>
		<truncated>1</truncated>
		<difficult>0</difficult>
		<bndbox>
			<xmin>103</xmin>
			<ymin>1</ymin>
			<xmax>314</xmax>
			<ymax>189</ymax>
		</bndbox>
	</object>
</annotation>
