<annotation verified="yes">
	<folder>images</folder>
	<filename>raccoon-194.png</filename>
	<path>/Users/datitran/Desktop/raccoon/images/raccoon-194.png</path>
	<source>
		<database>Unknown</database>
	</source>
	<size>
		<width>1080</width>
		<height>1080</height>
		<depth>3</depth>
	</size>
	<segmented>0</segmented>
	<object>
		<name>raccoon</name>
		<pose>Unspecified</pose>
		<truncated>1</truncated>
		<difficult>0</difficult>
		<bndbox>
			<xmin>1</xmin>
			<ymin>63</ymin>
			<xmax>885</xmax>
			<ymax>1042</ymax>
		</bndbox>
	</object>
</annotation>
