<annotation verified="yes">
	<folder>images</folder>
	<filename>raccoon-12.png</filename>
	<path>/Users/datitran/Desktop/raccoon/images/raccoon-12.png</path>
	<source>
		<database>Unknown</database>
	</source>
	<size>
		<width>259</width>
		<height>194</height>
		<depth>3</depth>
	</size>
	<segmented>0</segmented>
	<object>
		<name>raccoon</name>
		<pose>Unspecified</pose>
		<truncated>0</truncated>
		<difficult>0</difficult>
		<bndbox>
			<xmin>28</xmin>
			<ymin>21</ymin>
			<xmax>126</xmax>
			<ymax>181</ymax>
		</bndbox>
	</object>
	<object>
		<name>raccoon</name>
		<pose>Unspecified</pose>
		<truncated>0</truncated>
		<difficult>0</difficult>
		<bndbox>
			<xmin>85</xmin>
			<ymin>33</ymin>
			<xmax>235</xmax>
			<ymax>193</ymax>
		</bndbox>
	</object>
</annotation>
