<annotation verified="yes">
	<folder>images</folder>
	<filename>raccoon-32.png</filename>
	<path>/Users/datitran/Desktop/raccoon/images/raccoon-32.png</path>
	<source>
		<database>Unknown</database>
	</source>
	<size>
		<width>625</width>
		<height>415</height>
		<depth>3</depth>
	</size>
	<segmented>0</segmented>
	<object>
		<name>raccoon</name>
		<pose>Unspecified</pose>
		<truncated>0</truncated>
		<difficult>0</difficult>
		<bndbox>
			<xmin>88</xmin>
			<ymin>92</ymin>
			<xmax>473</xmax>
			<ymax>328</ymax>
		</bndbox>
	</object>
</annotation>
