<annotation verified="yes">
	<folder>images</folder>
	<filename>raccoon-117.png</filename>
	<path>/Users/datitran/Desktop/raccoon/images/raccoon-117.png</path>
	<source>
		<database>Unknown</database>
	</source>
	<size>
		<width>640</width>
		<height>448</height>
		<depth>3</depth>
	</size>
	<segmented>0</segmented>
	<object>
		<name>raccoon</name>
		<pose>Unspecified</pose>
		<truncated>0</truncated>
		<difficult>0</difficult>
		<bndbox>
			<xmin>100</xmin>
			<ymin>124</ymin>
			<xmax>266</xmax>
			<ymax>324</ymax>
		</bndbox>
	</object>
	<object>
		<name>raccoon</name>
		<pose>Unspecified</pose>
		<truncated>0</truncated>
		<difficult>0</difficult>
		<bndbox>
			<xmin>342</xmin>
			<ymin>101</ymin>
			<xmax>570</xmax>
			<ymax>297</ymax>
		</bndbox>
	</object>
</annotation>
