<annotation verified="yes">
	<folder>images</folder>
	<filename>raccoon-47.png</filename>
	<path>/Users/datitran/Desktop/raccoon/images/raccoon-47.png</path>
	<source>
		<database>Unknown</database>
	</source>
	<size>
		<width>262</width>
		<height>193</height>
		<depth>3</depth>
	</size>
	<segmented>0</segmented>
	<object>
		<name>raccoon</name>
		<pose>Unspecified</pose>
		<truncated>1</truncated>
		<difficult>0</difficult>
		<bndbox>
			<xmin>34</xmin>
			<ymin>4</ymin>
			<xmax>233</xmax>
			<ymax>193</ymax>
		</bndbox>
	</object>
</annotation>
