<annotation verified="yes">
	<folder>images</folder>
	<filename>raccoon-62.png</filename>
	<path>/Users/datitran/Desktop/raccoon/images/raccoon-62.png</path>
	<source>
		<database>Unknown</database>
	</source>
	<size>
		<width>640</width>
		<height>407</height>
		<depth>3</depth>
	</size>
	<segmented>0</segmented>
	<object>
		<name>raccoon</name>
		<pose>Unspecified</pose>
		<truncated>1</truncated>
		<difficult>0</difficult>
		<bndbox>
			<xmin>73</xmin>
			<ymin>19</ymin>
			<xmax>632</xmax>
			<ymax>407</ymax>
		</bndbox>
	</object>
</annotation>
