<annotation verified="yes">
	<folder>images</folder>
	<filename>raccoon-36.png</filename>
	<path>/Users/datitran/Desktop/raccoon/images/raccoon-36.png</path>
	<source>
		<database>Unknown</database>
	</source>
	<size>
		<width>640</width>
		<height>428</height>
		<depth>3</depth>
	</size>
	<segmented>0</segmented>
	<object>
		<name>raccoon</name>
		<pose>Unspecified</pose>
		<truncated>1</truncated>
		<difficult>0</difficult>
		<bndbox>
			<xmin>113</xmin>
			<ymin>27</ymin>
			<xmax>468</xmax>
			<ymax>428</ymax>
		</bndbox>
	</object>
</annotation>
