<annotation verified="yes">
	<folder>images</folder>
	<filename>raccoon-145.png</filename>
	<path>/Users/datitran/Desktop/raccoon/images/raccoon-145.png</path>
	<source>
		<database>Unknown</database>
	</source>
	<size>
		<width>600</width>
		<height>450</height>
		<depth>3</depth>
	</size>
	<segmented>0</segmented>
	<object>
		<name>raccoon</name>
		<pose>Unspecified</pose>
		<truncated>1</truncated>
		<difficult>0</difficult>
		<bndbox>
			<xmin>3</xmin>
			<ymin>36</ymin>
			<xmax>345</xmax>
			<ymax>450</ymax>
		</bndbox>
	</object>
	<object>
		<name>raccoon</name>
		<pose>Unspecified</pose>
		<truncated>0</truncated>
		<difficult>0</difficult>
		<bndbox>
			<xmin>260</xmin>
			<ymin>41</ymin>
			<xmax>569</xmax>
			<ymax>449</ymax>
		</bndbox>
	</object>
</annotation>
