<annotation verified="yes">
	<folder>images</folder>
	<filename>raccoon-5.png</filename>
	<path>/Users/datitran/Desktop/raccoon/images/raccoon-5.png</path>
	<source>
		<database>Unknown</database>
	</source>
	<size>
		<width>270</width>
		<height>187</height>
		<depth>3</depth>
	</size>
	<segmented>0</segmented>
	<object>
		<name>raccoon</name>
		<pose>Unspecified</pose>
		<truncated>0</truncated>
		<difficult>0</difficult>
		<bndbox>
			<xmin>3</xmin>
			<ymin>3</ymin>
			<xmax>260</xmax>
			<ymax>179</ymax>
		</bndbox>
	</object>
</annotation>
