<annotation verified="yes">
	<folder>images</folder>
	<filename>raccoon-144.png</filename>
	<path>/Users/datitran/Desktop/raccoon/images/raccoon-144.png</path>
	<source>
		<database>Unknown</database>
	</source>
	<size>
		<width>570</width>
		<height>390</height>
		<depth>3</depth>
	</size>
	<segmented>0</segmented>
	<object>
		<name>raccoon</name>
		<pose>Unspecified</pose>
		<truncated>1</truncated>
		<difficult>0</difficult>
		<bndbox>
			<xmin>117</xmin>
			<ymin>42</ymin>
			<xmax>387</xmax>
			<ymax>390</ymax>
		</bndbox>
	</object>
</annotation>
