<annotation verified="yes">
	<folder>images</folder>
	<filename>raccoon-123.png</filename>
	<path>/Users/datitran/Desktop/raccoon/images/raccoon-123.png</path>
	<source>
		<database>Unknown</database>
	</source>
	<size>
		<width>640</width>
		<height>406</height>
		<depth>3</depth>
	</size>
	<segmented>0</segmented>
	<object>
		<name>raccoon</name>
		<pose>Unspecified</pose>
		<truncated>0</truncated>
		<difficult>0</difficult>
		<bndbox>
			<xmin>280</xmin>
			<ymin>42</ymin>
			<xmax>550</xmax>
			<ymax>392</ymax>
		</bndbox>
	</object>
</annotation>
