<annotation verified="yes">
	<folder>images</folder>
	<filename>raccoon-69.png</filename>
	<path>/Users/datitran/Desktop/raccoon/images/raccoon-69.png</path>
	<source>
		<database>Unknown</database>
	</source>
	<size>
		<width>205</width>
		<height>246</height>
		<depth>3</depth>
	</size>
	<segmented>0</segmented>
	<object>
		<name>raccoon</name>
		<pose>Unspecified</pose>
		<truncated>0</truncated>
		<difficult>0</difficult>
		<bndbox>
			<xmin>12</xmin>
			<ymin>11</ymin>
			<xmax>188</xmax>
			<ymax>240</ymax>
		</bndbox>
	</object>
</annotation>
