<annotation verified="yes">
	<folder>images</folder>
	<filename>raccoon-183.png</filename>
	<path>/Users/datitran/Desktop/raccoon/images/raccoon-183.png</path>
	<source>
		<database>Unknown</database>
	</source>
	<size>
		<width>2000</width>
		<height>1333</height>
		<depth>3</depth>
	</size>
	<segmented>0</segmented>
	<object>
		<name>raccoon</name>
		<pose>Unspecified</pose>
		<truncated>0</truncated>
		<difficult>0</difficult>
		<bndbox>
			<xmin>358</xmin>
			<ymin>21</ymin>
			<xmax>1354</xmax>
			<ymax>1119</ymax>
		</bndbox>
	</object>
</annotation>
