<annotation verified="yes">
	<folder>images</folder>
	<filename>raccoon-152.png</filename>
	<path>/Users/datitran/Desktop/raccoon/images/raccoon-152.png</path>
	<source>
		<database>Unknown</database>
	</source>
	<size>
		<width>275</width>
		<height>183</height>
		<depth>1</depth>
	</size>
	<segmented>0</segmented>
	<object>
		<name>raccoon</name>
		<pose>Unspecified</pose>
		<truncated>0</truncated>
		<difficult>0</difficult>
		<bndbox>
			<xmin>41</xmin>
			<ymin>60</ymin>
			<xmax>223</xmax>
			<ymax>155</ymax>
		</bndbox>
	</object>
</annotation>
