<annotation verified="yes">
	<folder>images</folder>
	<filename>raccoon-95.png</filename>
	<path>/Users/datitran/Desktop/raccoon/images/raccoon-95.png</path>
	<source>
		<database>Unknown</database>
	</source>
	<size>
		<width>320</width>
		<height>400</height>
		<depth>3</depth>
	</size>
	<segmented>0</segmented>
	<object>
		<name>raccoon</name>
		<pose>Unspecified</pose>
		<truncated>0</truncated>
		<difficult>0</difficult>
		<bndbox>
			<xmin>50</xmin>
			<ymin>45</ymin>
			<xmax>272</xmax>
			<ymax>289</ymax>
		</bndbox>
	</object>
</annotation>
