<annotation verified="yes">
	<folder>images</folder>
	<filename>raccoon-181.png</filename>
	<path>/Users/datitran/Desktop/raccoon/images/raccoon-181.png</path>
	<source>
		<database>Unknown</database>
	</source>
	<size>
		<width>750</width>
		<height>422</height>
		<depth>3</depth>
	</size>
	<segmented>0</segmented>
	<object>
		<name>raccoon</name>
		<pose>Unspecified</pose>
		<truncated>1</truncated>
		<difficult>0</difficult>
		<bndbox>
			<xmin>100</xmin>
			<ymin>1</ymin>
			<xmax>420</xmax>
			<ymax>411</ymax>
		</bndbox>
	</object>
</annotation>
