<annotation verified="yes">
	<folder>images</folder>
	<filename>raccoon-99.png</filename>
	<path>/Users/datitran/Desktop/raccoon/images/raccoon-99.png</path>
	<source>
		<database>Unknown</database>
	</source>
	<size>
		<width>252</width>
		<height>228</height>
		<depth>3</depth>
	</size>
	<segmented>0</segmented>
	<object>
		<name>raccoon</name>
		<pose>Unspecified</pose>
		<truncated>0</truncated>
		<difficult>0</difficult>
		<bndbox>
			<xmin>15</xmin>
			<ymin>40</ymin>
			<xmax>132</xmax>
			<ymax>226</ymax>
		</bndbox>
	</object>
</annotation>
