<annotation verified="yes">
	<folder>images</folder>
	<filename>raccoon-111.png</filename>
	<path>/Users/datitran/Desktop/raccoon/images/raccoon-111.png</path>
	<source>
		<database>Unknown</database>
	</source>
	<size>
		<width>768</width>
		<height>960</height>
		<depth>3</depth>
	</size>
	<segmented>0</segmented>
	<object>
		<name>raccoon</name>
		<pose>Unspecified</pose>
		<truncated>0</truncated>
		<difficult>0</difficult>
		<bndbox>
			<xmin>41</xmin>
			<ymin>5</ymin>
			<xmax>683</xmax>
			<ymax>917</ymax>
		</bndbox>
	</object>
</annotation>
