<annotation verified="yes">
	<folder>images</folder>
	<filename>raccoon-148.png</filename>
	<path>/Users/datitran/Desktop/raccoon/images/raccoon-148.png</path>
	<source>
		<database>Unknown</database>
	</source>
	<size>
		<width>500</width>
		<height>375</height>
		<depth>3</depth>
	</size>
	<segmented>0</segmented>
	<object>
		<name>raccoon</name>
		<pose>Unspecified</pose>
		<truncated>0</truncated>
		<difficult>0</difficult>
		<bndbox>
			<xmin>32</xmin>
			<ymin>177</ymin>
			<xmax>174</xmax>
			<ymax>316</ymax>
		</bndbox>
	</object>
	<object>
		<name>raccoon</name>
		<pose>Unspecified</pose>
		<truncated>0</truncated>
		<difficult>0</difficult>
		<bndbox>
			<xmin>309</xmin>
			<ymin>172</ymin>
			<xmax>428</xmax>
			<ymax>315</ymax>
		</bndbox>
	</object>
</annotation>
