<annotation verified="yes">
	<folder>images</folder>
	<filename>raccoon-196.png</filename>
	<path>/Users/datitran/Desktop/raccoon/images/raccoon-196.png</path>
	<source>
		<database>Unknown</database>
	</source>
	<size>
		<width>233</width>
		<height>216</height>
		<depth>3</depth>
	</size>
	<segmented>0</segmented>
	<object>
		<name>raccoon</name>
		<pose>Unspecified</pose>
		<truncated>0</truncated>
		<difficult>0</difficult>
		<bndbox>
			<xmin>83</xmin>
			<ymin>87</ymin>
			<xmax>211</xmax>
			<ymax>211</ymax>
		</bndbox>
	</object>
</annotation>
