<annotation verified="no">
	<folder>images</folder>
	<filename>raccoon-37.png</filename>
	<path>/Users/datitran/Desktop/raccoon/images/raccoon-37.png</path>
	<source>
		<database>Unknown</database>
	</source>
	<size>
		<width>520</width>
		<height>593</height>
		<depth>3</depth>
	</size>
	<segmented>0</segmented>
	<object>
		<name>raccoon</name>
		<pose>Unspecified</pose>
		<truncated>1</truncated>
		<difficult>0</difficult>
		<bndbox>
			<xmin>13</xmin>
			<ymin>1</ymin>
			<xmax>500</xmax>
			<ymax>592</ymax>
		</bndbox>
	</object>
</annotation>
