<annotation verified="yes">
	<folder>images</folder>
	<filename>raccoon-100.png</filename>
	<path>/Users/datitran/Desktop/raccoon/images/raccoon-100.png</path>
	<source>
		<database>Unknown</database>
	</source>
	<size>
		<width>960</width>
		<height>576</height>
		<depth>3</depth>
	</size>
	<segmented>0</segmented>
	<object>
		<name>raccoon</name>
		<pose>Unspecified</pose>
		<truncated>0</truncated>
		<difficult>0</difficult>
		<bndbox>
			<xmin>548</xmin>
			<ymin>10</ymin>
			<xmax>954</xmax>
			<ymax>520</ymax>
		</bndbox>
	</object>
</annotation>
