<annotation verified="yes">
	<folder>images</folder>
	<filename>raccoon-51.png</filename>
	<path>/Users/datitran/Desktop/raccoon/images/raccoon-51.png</path>
	<source>
		<database>Unknown</database>
	</source>
	<size>
		<width>800</width>
		<height>599</height>
		<depth>3</depth>
	</size>
	<segmented>0</segmented>
	<object>
		<name>raccoon</name>
		<pose>Unspecified</pose>
		<truncated>0</truncated>
		<difficult>0</difficult>
		<bndbox>
			<xmin>315</xmin>
			<ymin>105</ymin>
			<xmax>772</xmax>
			<ymax>540</ymax>
		</bndbox>
	</object>
</annotation>
