<annotation verified="yes">
	<folder>images</folder>
	<filename>raccoon-18.png</filename>
	<path>/Users/datitran/Desktop/raccoon/images/raccoon-18.png</path>
	<source>
		<database>Unknown</database>
	</source>
	<size>
		<width>240</width>
		<height>156</height>
		<depth>3</depth>
	</size>
	<segmented>0</segmented>
	<object>
		<name>raccoon</name>
		<pose>Unspecified</pose>
		<truncated>0</truncated>
		<difficult>0</difficult>
		<bndbox>
			<xmin>32</xmin>
			<ymin>25</ymin>
			<xmax>201</xmax>
			<ymax>130</ymax>
		</bndbox>
	</object>
</annotation>
