<annotation verified="yes">
	<folder>images</folder>
	<filename>raccoon-24.png</filename>
	<path>/Users/datitran/Desktop/raccoon/images/raccoon-24.png</path>
	<source>
		<database>Unknown</database>
	</source>
	<size>
		<width>268</width>
		<height>188</height>
		<depth>3</depth>
	</size>
	<segmented>0</segmented>
	<object>
		<name>raccoon</name>
		<pose>Unspecified</pose>
		<truncated>0</truncated>
		<difficult>0</difficult>
		<bndbox>
			<xmin>77</xmin>
			<ymin>48</ymin>
			<xmax>179</xmax>
			<ymax>156</ymax>
		</bndbox>
	</object>
	<object>
		<name>raccoon</name>
		<pose>Unspecified</pose>
		<truncated>0</truncated>
		<difficult>0</difficult>
		<bndbox>
			<xmin>139</xmin>
			<ymin>77</ymin>
			<xmax>202</xmax>
			<ymax>145</ymax>
		</bndbox>
	</object>
</annotation>
