<annotation verified="yes">
	<folder>images</folder>
	<filename>raccoon-63.png</filename>
	<path>/Users/datitran/Desktop/raccoon/images/raccoon-63.png</path>
	<source>
		<database>Unknown</database>
	</source>
	<size>
		<width>600</width>
		<height>400</height>
		<depth>3</depth>
	</size>
	<segmented>0</segmented>
	<object>
		<name>raccoon</name>
		<pose>Unspecified</pose>
		<truncated>0</truncated>
		<difficult>0</difficult>
		<bndbox>
			<xmin>74</xmin>
			<ymin>107</ymin>
			<xmax>280</xmax>
			<ymax>290</ymax>
		</bndbox>
	</object>
	<object>
		<name>raccoon</name>
		<pose>Unspecified</pose>
		<truncated>0</truncated>
		<difficult>0</difficult>
		<bndbox>
			<xmin>227</xmin>
			<ymin>93</ymin>
			<xmax>403</xmax>
			<ymax>298</ymax>
		</bndbox>
	</object>
</annotation>
