<annotation verified="yes">
	<folder>images</folder>
	<filename>raccoon-83.png</filename>
	<path>/Users/datitran/Desktop/raccoon/images/raccoon-83.png</path>
	<source>
		<database>Unknown</database>
	</source>
	<size>
		<width>660</width>
		<height>371</height>
		<depth>3</depth>
	</size>
	<segmented>0</segmented>
	<object>
		<name>raccoon</name>
		<pose>Unspecified</pose>
		<truncated>0</truncated>
		<difficult>0</difficult>
		<bndbox>
			<xmin>104</xmin>
			<ymin>3</ymin>
			<xmax>509</xmax>
			<ymax>369</ymax>
		</bndbox>
	</object>
</annotation>
