<annotation verified="yes">
	<folder>images</folder>
	<filename>raccoon-65.png</filename>
	<path>/Users/datitran/Desktop/raccoon/images/raccoon-65.png</path>
	<source>
		<database>Unknown</database>
	</source>
	<size>
		<width>480</width>
		<height>360</height>
		<depth>3</depth>
	</size>
	<segmented>0</segmented>
	<object>
		<name>raccoon</name>
		<pose>Unspecified</pose>
		<truncated>0</truncated>
		<difficult>0</difficult>
		<bndbox>
			<xmin>123</xmin>
			<ymin>27</ymin>
			<xmax>338</xmax>
			<ymax>284</ymax>
		</bndbox>
	</object>
</annotation>
