<annotation verified="yes">
	<folder>images</folder>
	<filename>raccoon-81.png</filename>
	<path>/Users/datitran/Desktop/raccoon/images/raccoon-81.png</path>
	<source>
		<database>Unknown</database>
	</source>
	<size>
		<width>600</width>
		<height>450</height>
		<depth>3</depth>
	</size>
	<segmented>0</segmented>
	<object>
		<name>raccoon</name>
		<pose>Unspecified</pose>
		<truncated>0</truncated>
		<difficult>0</difficult>
		<bndbox>
			<xmin>4</xmin>
			<ymin>54</ymin>
			<xmax>574</xmax>
			<ymax>410</ymax>
		</bndbox>
	</object>
</annotation>
