<annotation verified="yes">
	<folder>images</folder>
	<filename>raccoon-197.png</filename>
	<path>/Users/datitran/Desktop/raccoon/images/raccoon-197.png</path>
	<source>
		<database>Unknown</database>
	</source>
	<size>
		<width>1280</width>
		<height>720</height>
		<depth>3</depth>
	</size>
	<segmented>0</segmented>
	<object>
		<name>raccoon</name>
		<pose>Unspecified</pose>
		<truncated>0</truncated>
		<difficult>0</difficult>
		<bndbox>
			<xmin>114</xmin>
			<ymin>35</ymin>
			<xmax>987</xmax>
			<ymax>653</ymax>
		</bndbox>
	</object>
</annotation>
