<annotation verified="yes">
	<folder>images</folder>
	<filename>raccoon-27.png</filename>
	<path>/Users/datitran/Desktop/raccoon/images/raccoon-27.png</path>
	<source>
		<database>Unknown</database>
	</source>
	<size>
		<width>602</width>
		<height>401</height>
		<depth>3</depth>
	</size>
	<segmented>0</segmented>
	<object>
		<name>raccoon</name>
		<pose>Unspecified</pose>
		<truncated>0</truncated>
		<difficult>0</difficult>
		<bndbox>
			<xmin>14</xmin>
			<ymin>38</ymin>
			<xmax>592</xmax>
			<ymax>373</ymax>
		</bndbox>
	</object>
</annotation>
