<annotation verified="yes">
	<folder>images</folder>
	<filename>raccoon-14.png</filename>
	<path>/Users/datitran/Desktop/raccoon/images/raccoon-14.png</path>
	<source>
		<database>Unknown</database>
	</source>
	<size>
		<width>900</width>
		<height>484</height>
		<depth>3</depth>
	</size>
	<segmented>0</segmented>
	<object>
		<name>raccoon</name>
		<pose>Unspecified</pose>
		<truncated>0</truncated>
		<difficult>0</difficult>
		<bndbox>
			<xmin>163</xmin>
			<ymin>81</ymin>
			<xmax>546</xmax>
			<ymax>438</ymax>
		</bndbox>
	</object>
</annotation>
