<annotation verified="yes">
	<folder>images</folder>
	<filename>raccoon-74.png</filename>
	<path>/Users/datitran/Desktop/raccoon/images/raccoon-74.png</path>
	<source>
		<database>Unknown</database>
	</source>
	<size>
		<width>800</width>
		<height>533</height>
		<depth>3</depth>
	</size>
	<segmented>0</segmented>
	<object>
		<name>raccoon</name>
		<pose>Unspecified</pose>
		<truncated>0</truncated>
		<difficult>0</difficult>
		<bndbox>
			<xmin>141</xmin>
			<ymin>6</ymin>
			<xmax>472</xmax>
			<ymax>505</ymax>
		</bndbox>
	</object>
</annotation>
