<annotation verified="yes">
	<folder>images</folder>
	<filename>raccoon-126.png</filename>
	<path>/Users/datitran/Desktop/raccoon/images/raccoon-126.png</path>
	<source>
		<database>Unknown</database>
	</source>
	<size>
		<width>255</width>
		<height>197</height>
		<depth>3</depth>
	</size>
	<segmented>0</segmented>
	<object>
		<name>raccoon</name>
		<pose>Unspecified</pose>
		<truncated>0</truncated>
		<difficult>0</difficult>
		<bndbox>
			<xmin>5</xmin>
			<ymin>5</ymin>
			<xmax>246</xmax>
			<ymax>192</ymax>
		</bndbox>
	</object>
</annotation>
