<annotation verified="yes">
	<folder>images</folder>
	<filename>raccoon-129.png</filename>
	<path>/Users/datitran/Desktop/raccoon/images/raccoon-129.png</path>
	<source>
		<database>Unknown</database>
	</source>
	<size>
		<width>639</width>
		<height>315</height>
		<depth>3</depth>
	</size>
	<segmented>0</segmented>
	<object>
		<name>raccoon</name>
		<pose>Unspecified</pose>
		<truncated>0</truncated>
		<difficult>0</difficult>
		<bndbox>
			<xmin>142</xmin>
			<ymin>24</ymin>
			<xmax>442</xmax>
			<ymax>276</ymax>
		</bndbox>
	</object>
</annotation>
