<annotation verified="yes">
	<folder>images</folder>
	<filename>raccoon-20.png</filename>
	<path>/Users/datitran/Desktop/raccoon/images/raccoon-20.png</path>
	<source>
		<database>Unknown</database>
	</source>
	<size>
		<width>720</width>
		<height>540</height>
		<depth>3</depth>
	</size>
	<segmented>0</segmented>
	<object>
		<name>raccoon</name>
		<pose>Unspecified</pose>
		<truncated>1</truncated>
		<difficult>0</difficult>
		<bndbox>
			<xmin>2</xmin>
			<ymin>29</ymin>
			<xmax>720</xmax>
			<ymax>503</ymax>
		</bndbox>
	</object>
</annotation>
