<annotation verified="yes">
	<folder>images</folder>
	<filename>raccoon-168.png</filename>
	<path>/Users/datitran/Desktop/raccoon/images/raccoon-168.png</path>
	<source>
		<database>Unknown</database>
	</source>
	<size>
		<width>628</width>
		<height>314</height>
		<depth>3</depth>
	</size>
	<segmented>0</segmented>
	<object>
		<name>raccoon</name>
		<pose>Unspecified</pose>
		<truncated>0</truncated>
		<difficult>0</difficult>
		<bndbox>
			<xmin>98</xmin>
			<ymin>88</ymin>
			<xmax>374</xmax>
			<ymax>303</ymax>
		</bndbox>
	</object>
	<object>
		<name>raccoon</name>
		<pose>Unspecified</pose>
		<truncated>1</truncated>
		<difficult>0</difficult>
		<bndbox>
			<xmin>173</xmin>
			<ymin>1</ymin>
			<xmax>471</xmax>
			<ymax>309</ymax>
		</bndbox>
	</object>
</annotation>
