<annotation verified="yes">
	<folder>images</folder>
	<filename>raccoon-175.png</filename>
	<path>/Users/datitran/Desktop/raccoon/images/raccoon-175.png</path>
	<source>
		<database>Unknown</database>
	</source>
	<size>
		<width>634</width>
		<height>381</height>
		<depth>3</depth>
	</size>
	<segmented>0</segmented>
	<object>
		<name>raccoon</name>
		<pose>Unspecified</pose>
		<truncated>0</truncated>
		<difficult>0</difficult>
		<bndbox>
			<xmin>69</xmin>
			<ymin>89</ymin>
			<xmax>354</xmax>
			<ymax>378</ymax>
		</bndbox>
	</object>
</annotation>
