<annotation verified="yes">
	<folder>images</folder>
	<filename>raccoon-172.png</filename>
	<path>/Users/datitran/Desktop/raccoon/images/raccoon-172.png</path>
	<source>
		<database>Unknown</database>
	</source>
	<size>
		<width>615</width>
		<height>346</height>
		<depth>3</depth>
	</size>
	<segmented>0</segmented>
	<object>
		<name>raccoon</name>
		<pose>Unspecified</pose>
		<truncated>0</truncated>
		<difficult>0</difficult>
		<bndbox>
			<xmin>183</xmin>
			<ymin>53</ymin>
			<xmax>399</xmax>
			<ymax>302</ymax>
		</bndbox>
	</object>
</annotation>
