<annotation verified="yes">
	<folder>images</folder>
	<filename>raccoon-42.png</filename>
	<path>/Users/datitran/Desktop/raccoon/images/raccoon-42.png</path>
	<source>
		<database>Unknown</database>
	</source>
	<size>
		<width>577</width>
		<height>1024</height>
		<depth>3</depth>
	</size>
	<segmented>0</segmented>
	<object>
		<name>raccoon</name>
		<pose>Unspecified</pose>
		<truncated>0</truncated>
		<difficult>0</difficult>
		<bndbox>
			<xmin>121</xmin>
			<ymin>206</ymin>
			<xmax>410</xmax>
			<ymax>767</ymax>
		</bndbox>
	</object>
</annotation>
