<annotation verified="yes">
	<folder>images</folder>
	<filename>raccoon-119.png</filename>
	<path>/Users/datitran/Desktop/raccoon/images/raccoon-119.png</path>
	<source>
		<database>Unknown</database>
	</source>
	<size>
		<width>400</width>
		<height>533</height>
		<depth>3</depth>
	</size>
	<segmented>0</segmented>
	<object>
		<name>raccoon</name>
		<pose>Unspecified</pose>
		<truncated>0</truncated>
		<difficult>0</difficult>
		<bndbox>
			<xmin>16</xmin>
			<ymin>62</ymin>
			<xmax>362</xmax>
			<ymax>353</ymax>
		</bndbox>
	</object>
	<object>
		<name>raccoon</name>
		<pose>Unspecified</pose>
		<truncated>0</truncated>
		<difficult>0</difficult>
		<bndbox>
			<xmin>211</xmin>
			<ymin>359</ymin>
			<xmax>277</xmax>
			<ymax>402</ymax>
		</bndbox>
	</object>
	<object>
		<name>raccoon</name>
		<pose>Unspecified</pose>
		<truncated>0</truncated>
		<difficult>0</difficult>
		<bndbox>
			<xmin>198</xmin>
			<ymin>392</ymin>
			<xmax>280</xmax>
			<ymax>473</ymax>
		</bndbox>
	</object>
</annotation>
