<annotation verified="yes">
	<folder>images</folder>
	<filename>raccoon-110.png</filename>
	<path>/Users/datitran/Desktop/raccoon/images/raccoon-110.png</path>
	<source>
		<database>Unknown</database>
	</source>
	<size>
		<width>184</width>
		<height>274</height>
		<depth>3</depth>
	</size>
	<segmented>0</segmented>
	<object>
		<name>raccoon</name>
		<pose>Unspecified</pose>
		<truncated>0</truncated>
		<difficult>0</difficult>
		<bndbox>
			<xmin>23</xmin>
			<ymin>2</ymin>
			<xmax>166</xmax>
			<ymax>262</ymax>
		</bndbox>
	</object>
</annotation>
