<annotation verified="yes">
	<folder>images</folder>
	<filename>raccoon-182.png</filename>
	<path>/Users/datitran/Desktop/raccoon/images/raccoon-182.png</path>
	<source>
		<database>Unknown</database>
	</source>
	<size>
		<width>500</width>
		<height>500</height>
		<depth>3</depth>
	</size>
	<segmented>0</segmented>
	<object>
		<name>raccoon</name>
		<pose>Unspecified</pose>
		<truncated>0</truncated>
		<difficult>0</difficult>
		<bndbox>
			<xmin>17</xmin>
			<ymin>122</ymin>
			<xmax>279</xmax>
			<ymax>499</ymax>
		</bndbox>
	</object>
</annotation>
