<annotation verified="yes">
	<folder>images</folder>
	<filename>raccoon-71.png</filename>
	<path>/Users/datitran/Desktop/raccoon/images/raccoon-71.png</path>
	<source>
		<database>Unknown</database>
	</source>
	<size>
		<width>640</width>
		<height>426</height>
		<depth>3</depth>
	</size>
	<segmented>0</segmented>
	<object>
		<name>raccoon</name>
		<pose>Unspecified</pose>
		<truncated>0</truncated>
		<difficult>0</difficult>
		<bndbox>
			<xmin>129</xmin>
			<ymin>51</ymin>
			<xmax>628</xmax>
			<ymax>373</ymax>
		</bndbox>
	</object>
</annotation>
