<annotation verified="yes">
	<folder>images</folder>
	<filename>raccoon-25.png</filename>
	<path>/Users/datitran/Desktop/raccoon/images/raccoon-25.png</path>
	<source>
		<database>Unknown</database>
	</source>
	<size>
		<width>634</width>
		<height>641</height>
		<depth>3</depth>
	</size>
	<segmented>0</segmented>
	<object>
		<name>raccoon</name>
		<pose>Unspecified</pose>
		<truncated>1</truncated>
		<difficult>0</difficult>
		<bndbox>
			<xmin>31</xmin>
			<ymin>82</ymin>
			<xmax>325</xmax>
			<ymax>641</ymax>
		</bndbox>
	</object>
</annotation>
