<annotation verified="yes">
	<folder>images</folder>
	<filename>raccoon-180.png</filename>
	<path>/Users/datitran/Desktop/raccoon/images/raccoon-180.png</path>
	<source>
		<database>Unknown</database>
	</source>
	<size>
		<width>600</width>
		<height>400</height>
		<depth>3</depth>
	</size>
	<segmented>0</segmented>
	<object>
		<name>raccoon</name>
		<pose>Unspecified</pose>
		<truncated>0</truncated>
		<difficult>0</difficult>
		<bndbox>
			<xmin>119</xmin>
			<ymin>21</ymin>
			<xmax>368</xmax>
			<ymax>399</ymax>
		</bndbox>
	</object>
</annotation>
