<annotation verified="yes">
	<folder>images</folder>
	<filename>raccoon-118.png</filename>
	<path>/Users/datitran/Desktop/raccoon/images/raccoon-118.png</path>
	<source>
		<database>Unknown</database>
	</source>
	<size>
		<width>448</width>
		<height>297</height>
		<depth>3</depth>
	</size>
	<segmented>0</segmented>
	<object>
		<name>raccoon</name>
		<pose>Unspecified</pose>
		<truncated>1</truncated>
		<difficult>0</difficult>
		<bndbox>
			<xmin>109</xmin>
			<ymin>31</ymin>
			<xmax>307</xmax>
			<ymax>297</ymax>
		</bndbox>
	</object>
</annotation>
