<annotation verified="yes">
	<folder>images</folder>
	<filename>raccoon-165.png</filename>
	<path>/Users/datitran/Desktop/raccoon/images/raccoon-165.png</path>
	<source>
		<database>Unknown</database>
	</source>
	<size>
		<width>199</width>
		<height>253</height>
		<depth>3</depth>
	</size>
	<segmented>0</segmented>
	<object>
		<name>raccoon</name>
		<pose>Unspecified</pose>
		<truncated>0</truncated>
		<difficult>0</difficult>
		<bndbox>
			<xmin>27</xmin>
			<ymin>11</ymin>
			<xmax>194</xmax>
			<ymax>228</ymax>
		</bndbox>
	</object>
</annotation>
