<annotation verified="yes">
	<folder>images</folder>
	<filename>raccoon-130.png</filename>
	<path>/Users/datitran/Desktop/raccoon/images/raccoon-130.png</path>
	<source>
		<database>Unknown</database>
	</source>
	<size>
		<width>640</width>
		<height>426</height>
		<depth>3</depth>
	</size>
	<segmented>0</segmented>
	<object>
		<name>raccoon</name>
		<pose>Unspecified</pose>
		<truncated>0</truncated>
		<difficult>0</difficult>
		<bndbox>
			<xmin>223</xmin>
			<ymin>62</ymin>
			<xmax>497</xmax>
			<ymax>307</ymax>
		</bndbox>
	</object>
	<object>
		<name>raccoon</name>
		<pose>Unspecified</pose>
		<truncated>1</truncated>
		<difficult>0</difficult>
		<bndbox>
			<xmin>453</xmin>
			<ymin>41</ymin>
			<xmax>640</xmax>
			<ymax>423</ymax>
		</bndbox>
	</object>
</annotation>
