<annotation verified="yes">
	<folder>images</folder>
	<filename>raccoon-72.png</filename>
	<path>/Users/datitran/Desktop/raccoon/images/raccoon-72.png</path>
	<source>
		<database>Unknown</database>
	</source>
	<size>
		<width>560</width>
		<height>420</height>
		<depth>3</depth>
	</size>
	<segmented>0</segmented>
	<object>
		<name>raccoon</name>
		<pose>Unspecified</pose>
		<truncated>0</truncated>
		<difficult>0</difficult>
		<bndbox>
			<xmin>219</xmin>
			<ymin>195</ymin>
			<xmax>446</xmax>
			<ymax>375</ymax>
		</bndbox>
	</object>
	<object>
		<name>raccoon</name>
		<pose>Unspecified</pose>
		<truncated>0</truncated>
		<difficult>0</difficult>
		<bndbox>
			<xmin>98</xmin>
			<ymin>34</ymin>
			<xmax>284</xmax>
			<ymax>336</ymax>
		</bndbox>
	</object>
</annotation>
