<annotation verified="yes">
	<folder>images</folder>
	<filename>raccoon-46.png</filename>
	<path>/Users/datitran/Desktop/raccoon/images/raccoon-46.png</path>
	<source>
		<database>Unknown</database>
	</source>
	<size>
		<width>576</width>
		<height>318</height>
		<depth>3</depth>
	</size>
	<segmented>0</segmented>
	<object>
		<name>raccoon</name>
		<pose>Unspecified</pose>
		<truncated>1</truncated>
		<difficult>0</difficult>
		<bndbox>
			<xmin>145</xmin>
			<ymin>2</ymin>
			<xmax>423</xmax>
			<ymax>318</ymax>
		</bndbox>
	</object>
</annotation>
