<annotation verified="yes">
	<folder>images</folder>
	<filename>raccoon-57.png</filename>
	<path>/Users/datitran/Desktop/raccoon/images/raccoon-57.png</path>
	<source>
		<database>Unknown</database>
	</source>
	<size>
		<width>640</width>
		<height>425</height>
		<depth>3</depth>
	</size>
	<segmented>0</segmented>
	<object>
		<name>raccoon</name>
		<pose>Unspecified</pose>
		<truncated>0</truncated>
		<difficult>0</difficult>
		<bndbox>
			<xmin>82</xmin>
			<ymin>6</ymin>
			<xmax>638</xmax>
			<ymax>423</ymax>
		</bndbox>
	</object>
</annotation>
