<annotation verified="yes">
	<folder>images</folder>
	<filename>raccoon-115.png</filename>
	<path>/Users/datitran/Desktop/raccoon/images/raccoon-115.png</path>
	<source>
		<database>Unknown</database>
	</source>
	<size>
		<width>426</width>
		<height>640</height>
		<depth>3</depth>
	</size>
	<segmented>0</segmented>
	<object>
		<name>raccoon</name>
		<pose>Unspecified</pose>
		<truncated>0</truncated>
		<difficult>0</difficult>
		<bndbox>
			<xmin>51</xmin>
			<ymin>130</ymin>
			<xmax>351</xmax>
			<ymax>556</ymax>
		</bndbox>
	</object>
</annotation>
