<annotation verified="yes">
	<folder>images</folder>
	<filename>raccoon-200.png</filename>
	<path>/Users/datitran/Desktop/raccoon/images/raccoon-200.png</path>
	<source>
		<database>Unknown</database>
	</source>
	<size>
		<width>261</width>
		<height>193</height>
		<depth>3</depth>
	</size>
	<segmented>0</segmented>
	<object>
		<name>raccoon</name>
		<pose>Unspecified</pose>
		<truncated>0</truncated>
		<difficult>0</difficult>
		<bndbox>
			<xmin>107</xmin>
			<ymin>10</ymin>
			<xmax>249</xmax>
			<ymax>166</ymax>
		</bndbox>
	</object>
</annotation>
